Controller,Tr_Exp,Tr_Sim,OS_Exp,OS_Sim,Ess_Exp,Ess_Sim
P Controller,0.02639999999999998,0.018000000000000002,23.050000000000015,80.35516419833479,7.654352529494101,0.023985925284696084
Lead-Lag,,0.003,-100.0,18.598880977170573,7.553966366726654,0.0022296851928192336
Lead-Lag-Integrator,,0.0028000000000000004,-100.0,24.485045956984663,7.4985629274145165,0.0016215389093351845
